Course Name		Type		Students Enrolled		Rating	No of Ratings
Core UI		UI		500+		4.4	325
Advanced UI		UI		500+		4.4	325
Angular JS		UI		500+		4.4	325
React.JS		UI		500+		4.4	325
Vue.Js		UI		500+		4.4	325
JAVA		BACKEND		500+		4.4	325
.NET		BACKEND		500+		4.4	325
Node JS		BACKEND		500+		4.4	325
Ruby		BACKEND		500+		4.4	325
Python		BACKEND		500+		4.4	325
CORE JAVA		FULL STACK		500+		4.4	325
ADVANCED JAVA		FULL STACK		500+		4.4	325
.NET		FULL STACK		500+		4.4	325
.NETCore		FULL STACK		500+		4.4	325
MEAN		FULL STACK		500+		4.4	325
MEASN		FULL STACK		500+		4.4	325
MEVN		FULL STACK		500+		4.4	325
Golang		FULL STACK		500+		4.4	325
Ruby		FULL STACK		500+		4.4	325
Flutter		MOBILITY		500+		4.4	325
Ionic		MOBILITY		500+		4.4	325
React Native		MOBILITY		500+		4.4	325
Xamarin		MOBILITY		500+		4.4	325
Onsen UI		MOBILITY		500+		4.4	325
IOS		MOBILITY		500+		4.4	325
Android		MOBILITY		500+		4.4	325
DevOps Foundation		DEVOPS		500+		4.4	325
DevOps Expert		DEVOPS		500+		4.4	325
ANSIBLE		DEVOPS		500+		4.4	325
Chef		DEVOPS		500+		4.4	325
docker		DEVOPS		500+		4.4	325
Kubernetes		DEVOPS		500+		4.4	325
OpenStack		DEVOPS		500+		4.4	325
BOOTCAMP		DATASCIENCE		500+		4.4	325
ML with PYTHON		DATASCIENCE		500+		4.4	325
DEEP LEARNING		DATASCIENCE		500+		4.4	325
Data Analytics		DATASCIENCE		500+		4.4	325
Data Scientist Certifications		DATASCIENCE		500+		4.4	325
Natural Language Processing		DATASCIENCE		500+		4.4	325
R Programming		DATASCIENCE		500+		4.4	325
AI/ML Foundation Course		DATASCIENCE		500+		4.4	325
AI/ML Expert Course		DATASCIENCE		500+		4.4	325
Hadoop		DATASCIENCE		500+		4.4	325
AWS Technical Essentials		CLOUD		500+		4.4	325
AWS Cloud Practitioner		CLOUD		500+		4.4	325
AWS Solution Architect Associate		CLOUD		500+		4.4	325
AWS Developer Associate		CLOUD		500+		4.4	325
AWS SysOps Associate Administrator		CLOUD		500+		4.4	325
Microsoft Azure Fundamentals		CLOUD		500+		4.4	325
Microsoft Azure Expert Certification		CLOUD		500+		4.4	325
CISSP		SECURITY		500+		4.4	325
CISA		SECURITY		500+		4.4	325
CEH		SECURITY		500+		4.4	325
COMPTIA Security++		SECURITY		500+		4.4	325
CISM		SECURITY		500+		4.4	325
CCSP		SECURITY		500+		4.4	325
Digital Marketing Foundation		DIGITAL		500+		4.4	325
Digital Marketing Expert		DIGITAL		500+		4.4	325
SEO		DIGITAL		500+		4.4	325
SMO		DIGITAL		500+		4.4	325
SCM		DIGITAL		500+		4.4	325
SMM		DIGITAL		500+		4.4	325
Adwords Foundation		DIGITAL		500+		4.4	325
Adwords Expert		DIGITAL		500+		4.4	325
Content Marketing		DIGITAL		500+		4.4	325
BRANDING		DIGITAL		500+		4.4	325
SAP		ERP		500+		4.4	325
Oracle		ERP		500+		4.4	325
Infor LN		ERP		500+		4.4	325
Rootstack		ERP		500+		4.4	325
Salesforce		IT		500+		4.4	325
Service Now		IT		500+		4.4	325
Remedy		IT		500+		4.4	325
Microsoft Dynamics		IT		500+		4.4	325
ITIL Foundation		CERTIFICATIONS		500+		4.4	325
PMP		CERTIFICATIONS		500+		4.4	325
PMI-ACP		CERTIFICATIONS		500+		4.4	325
AGILE		CERTIFICATIONS		500+		4.4	325
PRINCE2		CERTIFICATIONS		500+		4.4	325
Manual Testing		FUNCTIONAL TESTING		500+		4.4	325
Automation Testing		FUNCTIONAL TESTING		500+		4.4	325
Cloud Testing		FUNCTIONAL TESTING		500+		4.4	325
Fullstack Testing		FUNCTIONAL TESTING		500+		4.4	325
