text,Column 2
Complete Python Bootcamp: Go from zero to hero in Python 3,
Machine Learning A-Z™: Hands-On Python & R In Data Science,
Python for Data Science and Machine Learning Bootcamp,
The Python Mega Course: Build 10 Real World Applications,
Learn Python Programming Masterclass,
Learn to Code in Python 3: Programming beginner to advanced,
Python for Financial Analysis and Algorithmic Trading,
Learn Python & Ethical Hacking From Scratch,
Complete Python Developer in 2020: Zero to Mastery,
The Complete Python Course | Learn Python by Doing,
Python A-Z™: Python For Data Science With Real Exercises!,
Data Science: Deep Learning in Python,
Artificial Intelligence: Reinforcement Learning in Python,
Natural Language Processing with Deep Learning in Python,
Data Science: Natural Language Processing (NLP) in Python,
Complete Python Bootcamp: Go from zero to hero in Python 3,
Machine Learning A-Z™: Hands-On Python & R In Data Science,
Python for Data Science and Machine Learning Bootcamp,
Automate the Boring Stuff with Python Programming,
Learn Python Programming Masterclass,
The Python Mega Course: Build 10 Real World Applications,
Python and Django Full Stack Web Developer Bootcamp,
The Python Bible™ | Everything You Need to Program in Python,
The Modern Python 3 Bootcamp,
Python for Absolute Beginners,
The Complete Python 3 Course: Beginner to Advanced!,
Learning Python for Data Analysis and Visualization,
Python A-Z™: Python For Data Science With Real Exercises!,
Python for Finance: Investment Fundamentals & Data Analytics,
Python for Financial Analysis and Algorithmic Trading,
Spark and Python for Big Data with PySpark,
Complete Python Bootcamp: Go from zero to hero in Python 3,
Machine Learning A-Z™: Hands-On Python & R In Data Science,
Python for Data Science and Machine Learning Bootcamp,
The Python Mega Course: Build 10 Real World Applications,
Learn Python Programming Masterclass,
Learn to Code in Python 3: Programming beginner to advanced,
Python for Financial Analysis and Algorithmic Trading,
Learn Python & Ethical Hacking From Scratch,
Complete Python Developer in 2020: Zero to Mastery,
The Complete Python Course | Learn Python by Doing,
Python A-Z™: Python For Data Science With Real Exercises!,
Data Science: Deep Learning in Python,
Artificial Intelligence: Reinforcement Learning in Python,
Natural Language Processing with Deep Learning in Python,
Data Science: Natural Language Processing (NLP) in Python,
Programming with Python : HandsOn Introduction for Beginners,
REST APIs with Flask and Python,
Complete Python Developer in 2020: Zero to Mastery,
Python for Beginners with Examples,
Data Analysis with Pandas and Python,
Taming Big Data with Apache Spark and Python - Hands On!,
Data Science: Natural Language Processing (NLP) in Python,
Learn Python & Ethical Hacking From Scratch,
"Python for Data Structures, Algorithms, and Interviews!",
30 Days of Python | Unlock your Python Potential,
Artificial Intelligence: Reinforcement Learning in Python,
The Complete Python Course | Learn Python by Doing,
Data Science: Deep Learning in Python,
Python for Beginners: Learn Python Programming (Python 3),
Learn to Code in Python 3: Programming beginner to advanced,
Natural Language Processing with Deep Learning in Python,
Complete Python Bootcamp: Go from zero to hero in Python 3,
Machine Learning A-Z™: Hands-On Python & R In Data Science,
Python for Data Science and Machine Learning Bootcamp,
The Python Mega Course: Build 10 Real World Applications,
Learn Python Programming Masterclass,
Learn to Code in Python 3: Programming beginner to advanced,
Python for Financial Analysis and Algorithmic Trading,
Learn Python & Ethical Hacking From Scratch,
Complete Python Developer in 2020: Zero to Mastery,
The Complete Python Course | Learn Python by Doing,
Python A-Z™: Python For Data Science With Real Exercises!,
Data Science: Deep Learning in Python,
Artificial Intelligence: Reinforcement Learning in Python,
Natural Language Processing with Deep Learning in Python,
Data Science: Natural Language Processing (NLP) in Python,
The Complete Python 3 Course: Go from Beginner to Advanced!,
The Complete Python Masterclass: Learn Python From Scratch,
Deep Learning Prerequisites: Linear Regression in Python,
The Complete Python & PostgreSQL Developer Course,
Complete Python Web Course: Build 8 Python Web Apps,
Interactive Python Dashboards with Plotly and Dash,
Teach Your Kids to Code: Learn Python Programming at Any Age,
"Learn Python, it's CAKE (Beginners)",
Cluster Analysis and Unsupervised Machine Learning in Python,
Python 3: Deep Dive (Part 1 - Functional),
Bayesian Machine Learning in Python: A/B Testing,
Python - The Practical Guide,
Advanced AI: Deep Reinforcement Learning in Python,
Deep Learning: Convolutional Neural Networks in Python,
Python eCommerce | Build a Django eCommerce Web Application,
Deep Learning: Recurrent Neural Networks in Python,
Complete Python Bootcamp: Go from zero to hero in Python 3,
Machine Learning A-Z™: Hands-On Python & R In Data Science,
Python for Data Science and Machine Learning Bootcamp,
The Python Mega Course: Build 10 Real World Applications,
Learn Python Programming Masterclass,
Learn to Code in Python 3: Programming beginner to advanced,
Python for Financial Analysis and Algorithmic Trading,
Learn Python & Ethical Hacking From Scratch,
Complete Python Developer in 2020: Zero to Mastery,
The Complete Python Course | Learn Python by Doing,
Python A-Z™: Python For Data Science With Real Exercises!,
Data Science: Deep Learning in Python,
Artificial Intelligence: Reinforcement Learning in Python,
Natural Language Processing with Deep Learning in Python,
Data Science: Natural Language Processing (NLP) in Python,
Deep Learning with Python and Keras,
Learn Python: Python for Beginners,
"Python Programming Bible | Networking, GUI, Email, XML, CGI",
Python Beyond the Basics - Object-Oriented Programming,
Automated Software Testing with Python,
Unsupervised Machine Learning Hidden Markov Models in Python,
Complete Python 3 Masterclass Journey,
Build a Backend REST API with Python & Django - Beginner,
Python Programming for Beginners - Learn in 100 Easy Steps,
The Complete Machine Learning Course with Python,
Build a Backend REST API with Python & Django - Advanced,
The Ultimate Python Programming Tutorial,
Learn Python - Python Programming For Beginners From Scratch,
"Python for Network Engineers: Netmiko, NAPALM, pyntc, Telnet",
Python Network Programming for Network Engineers (Python 3),
100 Python Exercises: Evaluate and Improve Your Skills,
Complete Python Bootcamp: Go from zero to hero in Python 3,
Machine Learning A-Z™: Hands-On Python & R In Data Science,
Python for Data Science and Machine Learning Bootcamp,
The Python Mega Course: Build 10 Real World Applications,
Learn Python Programming Masterclass,
Learn to Code in Python 3: Programming beginner to advanced,
Python for Financial Analysis and Algorithmic Trading,
Learn Python & Ethical Hacking From Scratch,
Complete Python Developer in 2020: Zero to Mastery,
The Complete Python Course | Learn Python by Doing,
Python A-Z™: Python For Data Science With Real Exercises!,
Data Science: Deep Learning in Python,
Artificial Intelligence: Reinforcement Learning in Python,
Natural Language Processing with Deep Learning in Python,
Data Science: Natural Language Processing (NLP) in Python,
Data Science: Supervised Machine Learning in Python,
Become a Professional Python Programmer,
Learn Python: The Complete Python Programming Course,
Python Bootcamp 2020 Build 15 working Applications and Games,
Python Programming MADE EASY : A Concise Python Course,
Learn to Code with Python 3!,
Unsupervised Deep Learning in Python,
Python 3 Complete Masterclass - Make Your Job Tasks Easier!,
Data Processing with Python,
Complete Data Science Training with Python for Data Analysis,
The Complete Python Programmer Bootcamp 2020,
Complete Python programming from Basics to Advance level,
Python 3 For Beginners in 2020!,
Python for Beginners : Concise and Practical,
Python 3 For Offensive PenTest: A Complete Practical Course,
Python Programming for Beginners,
Complete Python Bootcamp: Go from zero to hero in Python 3,
Machine Learning A-Z™: Hands-On Python & R In Data Science,
Python for Data Science and Machine Learning Bootcamp,
The Python Mega Course: Build 10 Real World Applications,
Learn Python Programming Masterclass,
Learn to Code in Python 3: Programming beginner to advanced,
Python for Financial Analysis and Algorithmic Trading,
Learn Python & Ethical Hacking From Scratch,
Complete Python Developer in 2020: Zero to Mastery,
The Complete Python Course | Learn Python by Doing,
Python A-Z™: Python For Data Science With Real Exercises!,
Data Science: Deep Learning in Python,
Artificial Intelligence: Reinforcement Learning in Python,
Natural Language Processing with Deep Learning in Python,
Data Science: Natural Language Processing (NLP) in Python,
PYTHON - A to Z Full Course for Beginners,
Django & Python: complete BUNDLE + Django real project 2020,
Python For Maya: Artist Friendly Programming,
Python 101,
"Ensemble Machine Learning in Python: Random Forest, AdaBoost",
Learn to Code with Python,
Python Best Parts: Standard Library   (Beginner to Advanced),
Introduction To Python For Ethical Hacking,
Python & Introduction to Data Science,
Learn Complete Python In Simple Way,
The Complete Python Developer Course,
Python From Scratch & Selenium WebDriver From Scratch,
Python for Beginners,
Python for Beginners - Learn Programming from scratch,
The Complete Pandas Bootcamp 2020: Data Science with Python,
Data Analysis in Python with Pandas,
Complete Python Bootcamp: Go from zero to hero in Python 3,
Machine Learning A-Z™: Hands-On Python & R In Data Science,
Python for Data Science and Machine Learning Bootcamp,
The Python Mega Course: Build 10 Real World Applications,
Learn Python Programming Masterclass,
Learn to Code in Python 3: Programming beginner to advanced,
Python for Financial Analysis and Algorithmic Trading,
Learn Python & Ethical Hacking From Scratch,
Complete Python Developer in 2020: Zero to Mastery,
The Complete Python Course | Learn Python by Doing,
Python A-Z™: Python For Data Science With Real Exercises!,
Data Science: Deep Learning in Python,
Artificial Intelligence: Reinforcement Learning in Python,
Natural Language Processing with Deep Learning in Python,
Data Science: Natural Language Processing (NLP) in Python,
Python for Programmers,
Python Programming for Beginners in Data Science,
"Web Scraping with Python: BeautifulSoup, Requests & Selenium",
Python for Beginners: Learn Python Hands-on (Python 3),
Quantitative Finance & Algorithmic Trading in Python,
Elegant Automation Frameworks with Python and Pytest,
The Complete Python Course: Go From Beginner To Advanced!,
Python Programming Bootcamp,
Python Programming For Network Engineers,
Complete Python Programming Masterclass Beginner to Advanced,
Python 3 Programming: Beginner to Pro Masterclass,
Learn Python Programming From Scratch,
Python for Beginners: Learn Python in One Day,
"Basics of Python & arcpy , the Python library of ESRI ArcGIS",
"ANDROID ETHICAL HACKING COURSE, C, C++, Python Programs",
Mastering Python - Networking and Security,
Complete Python Bootcamp: Go from zero to hero in Python 3,
Machine Learning A-Z™: Hands-On Python & R In Data Science,
Python for Data Science and Machine Learning Bootcamp,
The Python Mega Course: Build 10 Real World Applications,
Learn Python Programming Masterclass,
Learn to Code in Python 3: Programming beginner to advanced,
Python for Financial Analysis and Algorithmic Trading,
Learn Python & Ethical Hacking From Scratch,
Complete Python Developer in 2020: Zero to Mastery,
The Complete Python Course | Learn Python by Doing,
Python A-Z™: Python For Data Science With Real Exercises!,
Data Science: Deep Learning in Python,
Artificial Intelligence: Reinforcement Learning in Python,
Natural Language Processing with Deep Learning in Python,
Data Science: Natural Language Processing (NLP) in Python,
"Python 3: Deep Dive (Part 2 - Iteration, Generators)",
Learn Programming in Python With the Power of Animation,
Python for Beginners: Complete Python Programming,
Design Patterns in Python,
Introduction to Machine Learning & Deep Learning in Python,
Python: Everything you need to know to become a developer,
Mastery in Python - For Beginners from Zero to Hero !,
The Complete Python 3 Masterclass - From Beginner To Pro,
Data Science with Python - Beginners,
Python Hero: Full Course with Projects ||Hindi/Urdu||,
Project Based Python Programming For Kids & Beginners,
"Python, The Next Level (Intermediate)",
Python Programming for beginners,
The Complete Python Programming Bootcamp,
Data Visualization with Python and Matplotlib,
2020 Python Regular Expressions (Regex) with Projects,
Complete Python Bootcamp: Go from zero to hero in Python 3,
Machine Learning A-Z™: Hands-On Python & R In Data Science,
Python for Data Science and Machine Learning Bootcamp,
The Python Mega Course: Build 10 Real World Applications,
Learn Python Programming Masterclass,
Learn to Code in Python 3: Programming beginner to advanced,
Python for Financial Analysis and Algorithmic Trading,
Learn Python & Ethical Hacking From Scratch,
Complete Python Developer in 2020: Zero to Mastery,
The Complete Python Course | Learn Python by Doing,
Python A-Z™: Python For Data Science With Real Exercises!,
Data Science: Deep Learning in Python,
Artificial Intelligence: Reinforcement Learning in Python,
Natural Language Processing with Deep Learning in Python,
Data Science: Natural Language Processing (NLP) in Python,
Python for Beginners 2017,
"Python 3 in 1: Basics, Advanced and Django",
Web Programming with Python,
Python 3: Deep Dive (Part 4 - OOP),
Master Python Programming: The Complete Python Bootcamp 2020,
Hello! Programming with Python for Kids and Beginners,
Create Your Own Hacking Tools in Python,
Learn Python 3 - Your First Step to Learning Python,
IoT#1: Python Basics for IoT,
Python Programming in 5 Hours,
Learn Advanced Python Programming,
Python Fundamentals,
Python Programming for Beginners with Hands on Tutorial,
From 0 to 1 : Spark for Data Science with Python,
Python for Machine Learning and Data Science Bootcamp,
BDD with Python (Cucumber/Gherkin for Python),
Complete Python Bootcamp: Go from zero to hero in Python 3,
Machine Learning A-Z™: Hands-On Python & R In Data Science,
Python for Data Science and Machine Learning Bootcamp,
The Python Mega Course: Build 10 Real World Applications,
Learn Python Programming Masterclass,
Learn to Code in Python 3: Programming beginner to advanced,
Python for Financial Analysis and Algorithmic Trading,
Learn Python & Ethical Hacking From Scratch,
Complete Python Developer in 2020: Zero to Mastery,
The Complete Python Course | Learn Python by Doing,
Python A-Z™: Python For Data Science With Real Exercises!,
Data Science: Deep Learning in Python,
Artificial Intelligence: Reinforcement Learning in Python,
Natural Language Processing with Deep Learning in Python,
Data Science: Natural Language Processing (NLP) in Python,
The Self-Taught Programmer,
Data Structures and Algorithms In Python,
Python Programming Tutorial: Learn Online | MongoDB | Django,
Django 3 - Full Stack Websites with Python Web Development,
"Python 3: Project-based Python, Algorithms, Data Structures",
Become a Python Data Analyst,
Apache Spark 2.0 + Python : DO Big Data Analytics & ML,
Develop a Shopping Cart Website with Django 2 and Python 3,
Python A-Z: Learn Python Programming By Building 5 Projects,
Python for Beginners - Go from Java to Python in 100 Steps,
Python Desktop Application Development with PyQt,
Learn Python Fast and Easy Way,
Step by Step Rest API Testing using Python + Pytest + Allure,
Backend API Testing  with Python,
A Gentle Introduction to Python Programming,
Programming Numerical Methods in Python,
Complete Python Bootcamp: Go from zero to hero in Python 3,
Machine Learning A-Z™: Hands-On Python & R In Data Science,
Python for Data Science and Machine Learning Bootcamp,
The Python Mega Course: Build 10 Real World Applications,
Learn Python Programming Masterclass,
Learn to Code in Python 3: Programming beginner to advanced,
Python for Financial Analysis and Algorithmic Trading,
Learn Python & Ethical Hacking From Scratch,
Complete Python Developer in 2020: Zero to Mastery,
The Complete Python Course | Learn Python by Doing,
Python A-Z™: Python For Data Science With Real Exercises!,
Data Science: Deep Learning in Python,
Artificial Intelligence: Reinforcement Learning in Python,
Natural Language Processing with Deep Learning in Python,
Data Science: Natural Language Processing (NLP) in Python,
Selenium WebDriver with Python - Basics to Intermediate,
Top Python and Javascript Programming Bundle,
Python for Geospatial,
Learn Python Django From Scratch,
Create Simple GUI Applications with Python and Qt,
"Python training, from scratch to penetration tester",
Python All In One Mastery||Hindi||Urdu||,
Learn Python 3 from scratch to become a developer in demand,
Python 3: Deep Dive (Part 3 - Hash Maps),
Python Programming: Create an Digital Marketplace in Django,
Complete Python Course: from Basics to Brilliance in HD,
Learn Python: The Complete Python Automation Course!,
Learn Python and Django: Payment Processing,
Python for Beginners: Learn Python with Practical Exercises!,
"Full-Stack React, Python, and GraphQL",
Python GUI Programming using Tkinter and Python 3,